<?xml version="1.0" encoding="UTF-8"?>
<project-private xmlns="http://www.netbeans.org/ns/project-private/1">
    <editor-bookmarks xmlns="http://www.netbeans.org/ns/editor-bookmarks/2" lastBookmarkId="0"/>
    <open-files xmlns="http://www.netbeans.org/ns/projectui-open-files/2">
        <group>
            <file>file:/C:/Users/chuks/Documents/NetBeansProjects/TradePlatformAdmin/data-query.js</file>
            <file>file:/C:/Users/chuks/Documents/NetBeansProjects/TradePlatformAdmin/account/account-manager.js</file>
            <file>file:/C:/Users/chuks/Documents/NetBeansProjects/TradePlatformAdmin/client/classic/src/view/admin/AddAdminUserForm.js</file>
            <file>file:/C:/Users/chuks/Documents/NetBeansProjects/TradePlatformAdmin/client/app/store/DemoTraderStore.js</file>
            <file>file:/C:/Users/chuks/Documents/NetBeansProjects/TradePlatformAdmin/client/app/model/Withdrawal.js</file>
            <file>file:/C:/Users/chuks/Documents/NetBeansProjects/TradePlatformAdmin/client/classic/src/view/register/BrokerRegistrationGrid.js</file>
            <file>file:/C:/Users/chuks/Documents/NetBeansProjects/TradePlatformAdmin/admin-server.js</file>
            <file>file:/C:/Users/chuks/Documents/NetBeansProjects/TradePlatformAdmin/manager/admin-manager.js</file>
            <file>file:/C:/Users/chuks/Documents/NetBeansProjects/TradePlatformAdmin/client/app/Const.js</file>
            <file>file:/C:/Users/chuks/Documents/NetBeansProjects/TradePlatformAdmin/client/app/store/LiveTraderStore.js</file>
            <file>file:/C:/Users/chuks/Documents/NetBeansProjects/TradePlatformAdmin/client/app/view/main/MainController.js</file>
            <file>file:/C:/Users/chuks/Documents/NetBeansProjects/TradePlatformAdmin/client/classic/src/view/withdrawal/WithdrawalGrid.js</file>
            <file>file:/C:/Users/chuks/Documents/NetBeansProjects/TradePlatformAdmin/client/classic/src/view/withdrawal/WithdrawalForm.js</file>
            <file>file:/C:/Users/chuks/Documents/NetBeansProjects/TradePlatformAdmin/client/classic/src/view/main/Main.js</file>
            <file>file:/C:/Users/chuks/Documents/NetBeansProjects/TradePlatformAdmin/client/classic/src/view/fund/FundGrid.js</file>
            <file>file:/C:/Users/chuks/Documents/NetBeansProjects/TradePlatformAdmin/client/app/model/Fundings.js</file>
            <file>file:/C:/Users/chuks/Documents/NetBeansProjects/TradePlatformAdmin/client/classic/src/view/main/MainSuperAdminPanel.js</file>
            <file>file:/C:/Users/chuks/Documents/NetBeansProjects/TradePlatformAdmin/client/classic/src/view/fund/FundForm.js</file>
            <file>file:/C:/Users/chuks/Documents/NetBeansProjects/TradePlatformAdmin/client/classic/src/view/account/DemoACForm.js</file>
            <file>file:/C:/Users/chuks/Documents/NetBeansProjects/TradePlatformAdmin/client/classic/src/view/main/BrokerSuperAdminPanel.js</file>
            <file>file:/C:/Users/chuks/Documents/NetBeansProjects/TradePlatformAdmin/client/app/store/FundingsStore.js</file>
            <file>file:/C:/Users/chuks/Documents/NetBeansProjects/TradePlatformAdmin/client/classic/src/view/demo/DemoTradersGrid.js</file>
            <file>file:/C:/Users/chuks/Documents/NetBeansProjects/TradePlatformAdmin/client/app/Util.js</file>
            <file>file:/C:/Users/chuks/Documents/NetBeansProjects/TradePlatformAdmin/client/modern/src/view/main/Main.js</file>
            <file>file:/C:/Users/chuks/Documents/NetBeansProjects/TradePlatformAdmin/client/app/model/Trader.js</file>
            <file>file:/C:/Users/chuks/Documents/NetBeansProjects/TradePlatformAdmin/client/classic/src/view/register/RegistrationGrid.js</file>
        </group>
    </open-files>
</project-private>
